model,alpha,cv_fold_1,cv_fold_2,cv_fold_3,cv_fold_4,cv_fold_5,mean_cv_accuracy
Naive Bayes,1.0,0.4088397790055249,0.4222222222222222,0.4444444444444444,0.4444444444444444,0.45,0.4339901780233272
