iterasi,alpha_terbaik,cv_accuracy_terbaik
1,4.75357646061894,0.48167587476979745
2,5.0,0.4827808471454881
3,5.0,0.4827808471454881
4,5.0,0.4827808471454881
5,5.0,0.4827808471454881
6,5.0,0.4827808471454881
7,5.0,0.4827808471454881
8,5.0,0.4827808471454881
9,5.0,0.4827808471454881
10,5.0,0.4827808471454881
