model,accuracy,precision,recall,f1_score
Naive Bayes,0.43805309734513276,0.5357895370537595,0.43805309734513276,0.4644465145163794
Naive Bayes + PSO,0.4690265486725664,0.566110090721879,0.4690265486725664,0.4990277620130493
